Id,QualificationId,FundingYearId,FundingValue,IsDeleted,CreatedBy,CreatedDate,LastUpdatedBy,LastUpdatedDate
1,1,12,120,0,,2019-07-09 10:34:06,,NULL
2,2,12,300,0,,2019-07-09 10:34:06,,NULL
3,3,12,300,0,,2019-07-09 10:34:06,,NULL
4,4,12,540,0,,2019-07-09 10:34:06,,NULL
5,5,12,300,0,,2019-07-09 10:34:06,,NULL
6,6,12,300,0,,2019-07-09 10:34:06,,NULL
7,7,12,300,0,,2019-07-09 10:34:06,,NULL
8,8,12,300,0,,2019-07-09 10:34:06,,NULL
9,9,12,120,0,,2019-07-09 10:34:06,,NULL
10,10,12,420,0,,2019-07-09 10:34:06,,NULL
11,11,12,300,0,,2019-07-09 10:34:06,,NULL
12,12,12,420,0,,2019-07-09 10:34:06,,NULL
13,13,12,300,0,,2019-07-09 10:34:06,,NULL
14,14,12,1300,0,,2019-07-09 10:34:06,,2019-11-18 17:00:26
15,15,12,120,0,,2019-07-09 10:34:06,,NULL
16,16,12,120,0,,2019-07-09 10:34:06,,NULL
17,17,12,120,0,,2019-07-09 10:34:06,,NULL
18,18,12,120,0,,2019-07-09 10:34:06,,NULL
19,19,12,120,0,,2019-07-09 10:34:06,,NULL
20,20,12,120,0,,2019-07-09 10:34:06,,NULL
21,21,12,120,0,,2019-07-09 10:34:06,,NULL
22,22,12,120,0,,2019-07-09 10:34:06,,NULL
23,23,12,120,0,,2019-07-09 10:34:06,,NULL
24,24,12,300,0,,2019-07-09 10:34:06,,NULL
25,25,12,300,0,,2019-07-09 10:34:06,,NULL
26,26,12,300,0,,2019-07-09 10:34:06,,NULL
27,27,12,300,0,,2019-07-09 10:34:06,,NULL
28,28,12,180,0,,2019-07-09 10:34:06,,NULL
29,29,12,180,0,,2019-07-09 10:34:06,,NULL
30,30,12,180,0,,2019-07-09 10:34:06,,NULL
31,31,12,180,0,,2019-07-09 10:34:06,,NULL
32,32,12,180,0,,2019-07-09 10:34:06,,NULL
33,33,12,180,0,,2019-07-09 10:34:06,,NULL
34,34,12,180,0,,2019-07-09 10:34:06,,NULL
35,35,12,420,0,,2019-07-09 10:34:06,,NULL
36,36,12,420,0,,2019-07-09 10:34:06,,NULL
37,37,12,420,0,,2019-07-09 10:34:06,,NULL
38,38,12,420,0,,2019-07-09 10:34:06,,NULL
39,39,12,420,0,,2019-07-09 10:34:06,,NULL
40,40,12,300,0,,2019-07-09 10:34:06,,NULL
41,41,12,300,0,,2019-07-09 10:34:06,,NULL
42,42,12,300,0,,2019-07-09 10:34:06,,NULL
43,43,12,300,0,,2019-07-09 10:34:06,,NULL
44,44,12,300,0,,2019-07-09 10:34:06,,NULL
45,45,12,300,0,,2019-07-09 10:34:06,,NULL
46,46,12,300,0,,2019-07-09 10:34:06,,NULL
47,47,12,300,0,,2019-07-09 10:34:06,,NULL
48,48,12,60,0,,2019-07-09 10:34:06,,NULL
49,49,12,60,0,,2019-07-09 10:34:06,,NULL
50,50,12,60,0,,2019-07-09 10:34:06,,NULL
51,51,12,60,0,,2019-07-09 10:34:06,,NULL
52,52,12,60,0,,2019-07-09 10:34:06,,NULL
53,53,12,60,0,,2019-07-09 10:34:06,,NULL
54,54,12,60,0,,2019-07-09 10:34:06,,NULL
55,55,12,180,0,,2019-07-09 10:34:06,,NULL
56,56,12,180,0,,2019-07-09 10:34:06,,NULL
57,57,12,180,0,,2019-07-09 10:34:06,,NULL
58,58,12,180,0,,2019-07-09 10:34:06,,NULL
59,59,12,180,0,,2019-07-09 10:34:06,,NULL
60,60,12,180,0,,2019-07-09 10:34:06,,NULL
61,61,12,420,0,,2019-07-09 10:34:06,,NULL
62,62,12,420,0,,2019-07-09 10:34:06,,NULL
63,63,12,420,0,,2019-07-09 10:34:06,,NULL
64,64,12,420,0,,2019-07-09 10:34:06,,NULL
65,65,12,300,0,,2019-07-09 10:34:06,,NULL
66,66,12,300,0,,2019-07-09 10:34:06,,NULL
67,67,12,60,0,,2019-07-09 10:34:06,,NULL
68,68,12,60,0,,2019-07-09 10:34:06,,NULL
69,69,12,120,0,,2019-07-09 10:34:06,,NULL
70,70,12,120,0,,2019-07-09 10:34:06,,NULL
71,71,12,180,0,,2019-07-09 10:34:06,,NULL
72,72,12,600,0,,2019-07-09 10:34:06,,2019-08-16 12:04:29
73,73,12,600,0,,2019-07-09 10:34:06,,2019-08-16 12:04:37
74,74,12,600,0,,2019-07-09 10:34:06,,2019-08-16 12:04:48
75,75,12,600,0,,2019-07-09 10:34:06,,2019-08-16 12:05:06
76,76,12,600,0,,2019-07-09 10:34:06,,2019-08-16 12:05:10
77,77,12,600,0,,2019-07-09 10:34:06,,2019-08-16 12:05:13
78,78,12,600,0,,2019-07-09 10:34:06,,2019-08-16 12:05:17
79,79,12,600,0,,2019-07-09 10:34:06,,2019-08-16 12:05:20
80,80,12,600,0,,2019-07-09 10:34:06,,2019-08-16 12:05:23
81,81,12,600,0,,2019-07-09 10:34:06,,2019-08-16 12:05:28
82,82,12,600,0,,2019-07-09 10:34:06,,2019-08-16 12:05:31
83,83,12,600,0,,2019-07-09 10:34:06,,2019-08-16 12:05:34
84,84,12,800,0,,2019-07-09 10:34:06,,2019-08-16 12:05:37
85,85,12,800,0,,2019-07-09 10:34:06,,2019-08-16 12:05:40
86,86,12,800,0,,2019-07-09 10:34:06,,2019-08-16 12:05:46
87,87,12,800,0,,2019-07-09 10:34:06,,2019-08-16 12:05:49
88,88,12,800,0,,2019-07-09 10:34:06,,2019-08-16 12:05:52
89,89,12,800,0,,2019-07-09 10:34:06,,2019-08-16 12:05:55
90,90,12,800,0,,2019-07-09 10:34:06,,2019-08-16 12:06:00
91,91,12,800,0,,2019-07-09 10:34:06,,2019-08-16 12:06:04
92,92,12,800,0,,2019-07-09 10:34:06,,2019-08-16 12:06:07
93,93,12,800,0,,2019-07-09 10:34:06,,2019-08-16 12:06:10
94,94,12,800,0,,2019-07-09 10:34:06,,2019-08-16 12:06:14
95,95,12,800,0,,2019-07-09 10:34:06,,2019-08-16 12:06:22
96,96,12,800,0,,2019-07-09 10:34:06,,2019-08-16 12:06:25
97,97,12,1050,0,,2019-07-09 10:34:06,,2019-08-16 12:07:10
98,98,12,1050,0,,2019-07-09 10:34:06,,2019-08-16 12:07:15
99,99,12,1050,0,,2019-07-09 10:34:06,,2019-08-16 12:07:17
100,100,12,1050,0,,2019-07-09 10:34:06,,2019-08-16 12:07:21
101,101,12,1050,0,,2019-07-09 10:34:06,,2019-08-16 12:07:25
102,102,12,1050,0,,2019-07-09 10:34:06,,2019-08-16 12:07:27
103,103,12,1050,0,,2019-07-09 10:34:06,,2019-08-16 12:07:31
104,104,12,1050,0,,2019-07-09 10:34:06,,2019-08-16 12:07:34
105,105,12,1050,0,,2019-07-09 10:34:06,,2019-08-16 12:07:37
106,106,12,600,0,,2019-07-09 10:34:06,,NULL
107,107,12,600,0,,2019-07-09 10:34:06,,NULL
108,108,12,1500,0,,2019-07-09 10:34:06,,2019-08-16 12:07:40
109,109,12,1500,0,,2019-07-09 10:34:06,,2019-08-16 12:07:44
110,110,12,1500,0,,2019-07-09 10:34:06,,2019-08-16 12:07:03
111,111,12,1500,0,,2019-07-09 10:34:06,,2019-08-16 12:06:59
112,112,12,1500,0,,2019-07-09 10:34:06,,2019-08-16 12:06:53
113,113,12,1500,0,,2019-07-09 10:34:06,,2019-08-16 12:06:50
114,114,12,1500,0,,2019-07-09 10:34:06,,2019-08-16 12:06:47
115,115,12,1500,0,,2019-07-09 10:34:06,,2019-08-16 12:06:44
116,116,12,1500,0,,2019-07-09 10:34:06,,2019-08-16 12:06:41
117,117,12,1500,0,,2019-07-09 10:34:06,,2019-08-16 12:06:39
118,118,12,1500,0,,2019-07-09 10:34:06,,2019-08-16 12:06:35
119,119,12,1500,0,,2019-07-09 10:34:06,,2019-09-12 11:12:27
120,120,12,1500,0,,2019-07-09 10:34:06,,2019-09-12 11:12:48
121,121,12,1500,0,,2019-07-09 10:34:06,,2019-09-12 11:13:08
122,122,12,1500,0,,2019-07-09 10:34:06,,2019-09-12 11:13:39
123,123,12,1500,0,,2019-07-09 10:34:06,,2019-09-12 11:13:59
124,124,12,1500,0,,2019-07-09 10:34:06,,NULL
125,125,12,1500,0,,2019-07-09 10:34:06,,2019-09-12 11:15:06
126,126,12,1500,0,,2019-07-09 10:34:06,,2019-09-12 11:15:26
127,127,12,1500,0,,2019-07-09 10:34:06,,2019-09-12 11:15:56
128,128,12,1500,0,,2019-07-09 10:34:06,,2019-09-12 11:16:27
129,129,12,1500,0,,2019-07-09 10:34:06,,2019-09-12 11:16:52
130,130,12,1500,0,,2019-07-09 10:34:06,,2019-09-12 11:17:11
131,131,12,1500,0,,2019-07-09 10:34:06,,2019-09-12 11:17:41
132,132,12,1500,0,,2019-07-09 10:34:06,,2019-09-12 11:18:30
133,133,12,1500,0,,2019-07-09 10:34:06,,2019-09-12 11:18:53
134,134,12,180,0,,2019-07-09 10:34:06,,NULL
135,135,12,420,0,,2019-07-09 10:34:06,,NULL
136,136,12,180,0,,2019-07-09 10:34:06,,NULL
137,137,12,420,0,,2019-07-09 10:34:06,,NULL
138,138,12,300,0,,2019-07-09 10:34:06,,NULL
139,139,12,300,0,,2019-07-09 10:34:06,,NULL
140,140,12,300,0,,2019-07-09 10:34:06,,NULL
141,141,12,300,0,,2019-07-09 10:34:06,,NULL
142,142,12,300,0,,2019-07-09 10:34:06,,NULL
143,143,12,300,0,,2019-07-09 10:34:06,,NULL
144,144,12,300,0,,2019-07-09 10:34:06,,NULL
145,145,12,300,0,,2019-07-09 10:34:06,,NULL
146,146,12,60,0,,2019-07-09 10:34:06,,NULL
147,147,12,60,0,,2019-07-09 10:34:06,,NULL
148,148,12,60,0,,2019-07-09 10:34:06,,NULL
149,149,12,60,0,,2019-07-09 10:34:06,,NULL
150,150,12,300,0,,2019-07-09 10:34:06,,NULL
151,151,12,300,0,,2019-07-09 10:34:06,,NULL
152,152,12,300,0,,2019-07-09 10:34:06,,NULL
153,153,12,300,0,,2019-07-09 10:34:06,,NULL
154,154,12,300,0,,2019-07-09 10:34:06,,NULL
155,155,12,300,0,,2019-07-09 10:34:06,,NULL
156,156,12,300,0,,2019-07-09 10:34:06,,NULL
157,157,12,300,0,,2019-07-09 10:34:06,,NULL
158,158,12,420,0,,2019-07-09 10:34:06,,NULL
159,159,12,300,0,,2019-07-09 10:34:06,,NULL
160,160,12,420,0,,2019-07-09 10:34:06,,NULL
161,161,12,60,0,,2019-07-09 10:34:06,,NULL
162,162,12,60,0,,2019-07-09 10:34:06,,NULL
163,163,12,420,0,,2019-07-09 10:34:06,,NULL
164,164,12,420,0,,2019-07-09 10:34:06,,NULL
165,165,12,400,0,,2019-07-09 10:34:06,,2019-09-18 12:25:53
166,166,12,500,0,,2019-07-09 10:34:06,,2019-09-18 12:26:03
167,167,12,500,0,,2019-07-09 10:34:06,,2019-08-12 11:34:49
168,168,12,500,0,,2019-07-09 10:34:06,,2019-09-30 15:25:24
169,169,12,125,1,,2019-07-09 10:34:06,,2019-10-01 13:57:41
170,170,12,125,1,,2019-07-09 10:34:06,,2019-10-01 13:57:46
171,171,12,125,1,,2019-07-09 10:34:06,,2019-10-01 13:57:50
172,172,12,1500,0,,2019-07-25 14:30:09,,2019-08-16 12:06:31
173,173,12,300,0,,2019-09-04 08:46:41,,NULL
174,174,12,1050,0,,2019-09-04 08:47:44,,2019-09-05 11:51:07
175,175,12,300,0,,2019-09-04 08:48:39,,NULL
176,176,12,300,0,,2019-09-04 08:49:21,,NULL
177,177,12,140,0,,2019-09-18 14:32:06,,2020-01-21 09:50:58
178,178,12,125,0,,2019-09-30 15:23:19,,NULL
179,179,12,125,0,,2019-09-30 15:24:11,,NULL
180,180,12,125,0,,2019-09-30 15:24:58,,NULL
181,181,12,690,0,,2019-10-29 12:53:03,,NULL
182,182,12,690,0,,2019-10-29 12:54:14,,NULL
183,183,12,690,0,,2019-10-29 12:54:52,,NULL
184,184,12,690,0,,2019-10-29 12:55:32,,NULL
185,185,12,690,0,,2019-10-29 12:56:14,,NULL
186,186,12,690,1,,2019-10-29 12:56:52,,2019-10-29 13:07:05
187,187,12,690,0,,2019-10-29 12:57:31,,2019-10-29 13:14:01
188,188,12,690,0,,2019-10-29 13:01:59,,NULL
189,189,12,690,0,,2019-10-29 13:03:06,,NULL
190,190,12,690,0,,2019-10-29 13:07:53,,NULL
191,191,12,690,0,,2019-10-29 13:13:17,,NULL
192,192,12,870,0,,2019-10-29 13:15:17,,NULL
193,193,12,870,0,,2019-10-29 13:15:56,,NULL
194,194,12,870,0,,2019-10-29 13:16:45,,NULL
195,195,12,870,1,,2019-10-29 13:17:14,,2019-10-29 13:21:01
196,196,12,870,0,,2019-10-29 13:17:54,,NULL
197,197,12,870,1,,2019-10-29 13:18:23,,2019-10-29 13:22:47
198,198,12,870,0,,2019-10-29 13:18:58,,NULL
199,199,12,870,0,,2019-10-29 13:19:30,,NULL
200,200,12,870,0,,2019-10-29 13:20:02,,NULL
201,201,12,870,0,,2019-10-29 13:21:34,,NULL
202,202,12,870,0,,2019-10-29 13:23:22,,NULL
203,203,12,1050,0,,2019-10-29 13:25:15,,NULL
204,204,12,1050,0,,2019-10-29 13:26:01,,NULL
205,205,12,1050,0,,2019-10-29 13:26:36,,NULL
206,206,12,1050,0,,2019-10-29 13:27:14,,NULL
207,207,12,300,0,,2019-10-29 13:29:59,,NULL
208,208,12,120,0,,2019-10-29 13:30:54,,NULL
209,209,12,50,0,,2020-01-21 14:07:21,,2020-01-21 14:27:25
210,210,12,50,0,,2020-01-21 14:08:17,,2020-01-21 14:27:36
211,211,12,50,0,,2020-01-21 14:08:55,,2020-01-21 14:27:50
212,212,12,50,0,,2020-01-21 14:10:00,,2020-01-21 14:28:00
213,213,12,50,0,,2020-01-21 14:11:03,,2020-01-21 14:28:07
214,214,12,50,0,,2020-01-21 14:11:44,,2020-01-21 14:28:13
215,215,12,50,0,,2020-01-21 14:12:20,,2020-01-21 14:28:30
216,216,12,50,0,,2020-01-21 14:13:07,,2020-01-21 14:28:39
217,217,12,50,0,,2020-01-21 14:13:48,,2020-01-21 14:28:48
218,218,12,50,0,,2020-01-21 14:14:31,,2020-01-21 14:28:57
219,219,12,50,0,,2020-01-21 14:15:36,,2020-01-21 14:29:04
220,220,12,145,1,,2020-01-21 14:19:36,,2020-08-13 07:42:42
221,221,12,300,0,,2020-03-03 10:50:56,,NULL
222,1,13,120,0,,2020-07-23 12:33:36,,NULL
223,2,13,300,0,,2020-07-23 12:33:36,,NULL
224,3,13,300,0,,2020-07-23 12:33:36,,NULL
225,4,13,540,0,,2020-07-23 12:33:36,,NULL
226,5,13,300,0,,2020-07-23 12:33:36,,NULL
227,6,13,300,0,,2020-07-23 12:33:36,,NULL
228,7,13,300,0,,2020-07-23 12:33:36,,NULL
229,207,13,300,0,,2020-07-23 12:33:36,,NULL
230,8,13,300,0,,2020-07-23 12:33:36,,NULL
231,10,13,420,0,,2020-07-23 12:33:36,,NULL
232,12,13,420,0,,2020-07-23 12:33:36,,NULL
233,13,13,300,0,,2020-07-23 12:33:36,,NULL
234,14,13,1300,0,,2020-07-23 12:33:36,,NULL
235,15,13,120,0,,2020-07-23 12:33:36,,NULL
236,16,13,120,0,,2020-07-23 12:33:36,,NULL
237,17,13,120,0,,2020-07-23 12:33:36,,NULL
238,18,13,120,0,,2020-07-23 12:33:36,,NULL
239,19,13,120,0,,2020-07-23 12:33:36,,NULL
240,20,13,120,0,,2020-07-23 12:33:36,,NULL
241,208,13,120,0,,2020-07-23 12:33:36,,NULL
242,21,13,120,0,,2020-07-23 12:33:36,,NULL
243,22,13,120,0,,2020-07-23 12:33:36,,NULL
244,23,13,120,0,,2020-07-23 12:33:36,,NULL
245,24,13,300,0,,2020-07-23 12:33:36,,NULL
246,25,13,300,0,,2020-07-23 12:33:36,,NULL
247,26,13,300,0,,2020-07-23 12:33:36,,NULL
248,27,13,300,0,,2020-07-23 12:33:36,,NULL
249,28,13,180,0,,2020-07-23 12:33:36,,NULL
250,29,13,180,0,,2020-07-23 12:33:36,,NULL
251,30,13,180,0,,2020-07-23 12:33:36,,NULL
252,31,13,180,0,,2020-07-23 12:33:36,,NULL
253,32,13,180,0,,2020-07-23 12:33:36,,NULL
254,33,13,180,0,,2020-07-23 12:33:36,,NULL
255,34,13,180,0,,2020-07-23 12:33:36,,NULL
256,35,13,420,0,,2020-07-23 12:33:36,,NULL
257,36,13,420,0,,2020-07-23 12:33:36,,NULL
258,37,13,420,0,,2020-07-23 12:33:36,,NULL
259,38,13,420,0,,2020-07-23 12:33:36,,NULL
260,40,13,300,0,,2020-07-23 12:33:36,,NULL
261,41,13,300,0,,2020-07-23 12:33:36,,NULL
262,42,13,300,0,,2020-07-23 12:33:36,,NULL
263,43,13,300,0,,2020-07-23 12:33:36,,NULL
264,44,13,300,0,,2020-07-23 12:33:36,,NULL
265,45,13,300,0,,2020-07-23 12:33:36,,NULL
266,46,13,300,0,,2020-07-23 12:33:36,,NULL
267,48,13,60,0,,2020-07-23 12:33:36,,NULL
268,49,13,60,0,,2020-07-23 12:33:36,,NULL
269,50,13,60,0,,2020-07-23 12:33:36,,NULL
270,51,13,60,0,,2020-07-23 12:33:36,,NULL
271,52,13,60,0,,2020-07-23 12:33:36,,NULL
272,54,13,60,0,,2020-07-23 12:33:36,,NULL
273,55,13,180,0,,2020-07-23 12:33:36,,NULL
274,56,13,180,0,,2020-07-23 12:33:36,,NULL
275,57,13,180,0,,2020-07-23 12:33:36,,NULL
276,58,13,180,0,,2020-07-23 12:33:36,,NULL
277,59,13,180,0,,2020-07-23 12:33:36,,NULL
278,60,13,180,0,,2020-07-23 12:33:36,,NULL
279,61,13,420,0,,2020-07-23 12:33:36,,NULL
280,62,13,420,0,,2020-07-23 12:33:36,,NULL
281,63,13,420,0,,2020-07-23 12:33:36,,NULL
282,64,13,420,0,,2020-07-23 12:33:36,,NULL
283,65,13,300,0,,2020-07-23 12:33:36,,NULL
284,67,13,60,0,,2020-07-23 12:33:36,,NULL
285,69,13,120,0,,2020-07-23 12:33:36,,NULL
286,70,13,120,0,,2020-07-23 12:33:36,,NULL
287,173,13,300,0,,2020-07-23 12:33:36,,NULL
288,72,13,600,0,,2020-07-23 12:33:36,,NULL
289,73,13,600,0,,2020-07-23 12:33:36,,NULL
290,74,13,600,0,,2020-07-23 12:33:36,,NULL
291,75,13,600,0,,2020-07-23 12:33:36,,NULL
292,76,13,600,0,,2020-07-23 12:33:36,,NULL
293,77,13,600,0,,2020-07-23 12:33:36,,NULL
294,78,13,600,0,,2020-07-23 12:33:36,,NULL
295,79,13,600,0,,2020-07-23 12:33:36,,NULL
296,80,13,600,0,,2020-07-23 12:33:36,,NULL
297,81,13,600,0,,2020-07-23 12:33:36,,NULL
298,82,13,600,0,,2020-07-23 12:33:36,,NULL
299,83,13,600,0,,2020-07-23 12:33:36,,NULL
300,84,13,800,0,,2020-07-23 12:33:36,,NULL
301,85,13,800,0,,2020-07-23 12:33:36,,NULL
302,86,13,800,0,,2020-07-23 12:33:36,,NULL
303,87,13,800,0,,2020-07-23 12:33:36,,NULL
304,88,13,800,0,,2020-07-23 12:33:36,,NULL
305,89,13,800,0,,2020-07-23 12:33:36,,NULL
306,90,13,800,0,,2020-07-23 12:33:36,,NULL
307,91,13,800,0,,2020-07-23 12:33:36,,NULL
308,92,13,800,0,,2020-07-23 12:33:36,,NULL
309,93,13,800,0,,2020-07-23 12:33:36,,NULL
310,94,13,800,0,,2020-07-23 12:33:36,,NULL
311,95,13,800,0,,2020-07-23 12:33:36,,NULL
312,96,13,800,0,,2020-07-23 12:33:36,,NULL
313,97,13,1050,0,,2020-07-23 12:33:36,,NULL
314,98,13,1050,0,,2020-07-23 12:33:36,,NULL
315,174,13,1050,0,,2020-07-23 12:33:36,,NULL
316,99,13,1050,0,,2020-07-23 12:33:36,,NULL
317,100,13,1050,0,,2020-07-23 12:33:36,,NULL
318,101,13,1050,0,,2020-07-23 12:33:36,,NULL
319,102,13,1050,0,,2020-07-23 12:33:36,,NULL
320,103,13,1050,0,,2020-07-23 12:33:36,,NULL
321,104,13,1050,0,,2020-07-23 12:33:36,,NULL
322,105,13,1050,0,,2020-07-23 12:33:36,,NULL
323,106,13,600,0,,2020-07-23 12:33:36,,NULL
324,107,13,600,0,,2020-07-23 12:33:36,,NULL
325,108,13,1500,0,,2020-07-23 12:33:36,,NULL
326,109,13,1500,0,,2020-07-23 12:33:36,,NULL
327,110,13,1500,0,,2020-07-23 12:33:36,,NULL
328,111,13,1500,0,,2020-07-23 12:33:36,,NULL
329,112,13,1500,0,,2020-07-23 12:33:36,,NULL
330,113,13,1500,0,,2020-07-23 12:33:36,,NULL
331,114,13,1500,0,,2020-07-23 12:33:36,,NULL
332,115,13,1500,0,,2020-07-23 12:33:36,,NULL
333,116,13,1500,0,,2020-07-23 12:33:36,,NULL
334,117,13,1500,0,,2020-07-23 12:33:36,,NULL
335,118,13,1500,0,,2020-07-23 12:33:36,,NULL
336,119,13,1500,0,,2020-07-23 12:33:37,,NULL
337,120,13,1500,0,,2020-07-23 12:33:37,,NULL
338,121,13,1500,0,,2020-07-23 12:33:37,,NULL
339,122,13,1500,0,,2020-07-23 12:33:37,,NULL
340,123,13,1500,0,,2020-07-23 12:33:37,,NULL
341,124,13,1500,0,,2020-07-23 12:33:37,,NULL
342,125,13,1500,0,,2020-07-23 12:33:37,,NULL
343,126,13,1500,0,,2020-07-23 12:33:37,,NULL
344,127,13,1500,0,,2020-07-23 12:33:37,,NULL
345,128,13,1500,0,,2020-07-23 12:33:37,,NULL
346,129,13,1500,0,,2020-07-23 12:33:37,,NULL
347,130,13,1500,0,,2020-07-23 12:33:37,,NULL
348,131,13,1500,0,,2020-07-23 12:33:37,,NULL
349,132,13,1500,0,,2020-07-23 12:33:37,,NULL
350,133,13,1500,0,,2020-07-23 12:33:37,,NULL
351,134,13,180,0,,2020-07-23 12:33:37,,NULL
352,135,13,420,0,,2020-07-23 12:33:37,,NULL
353,136,13,180,0,,2020-07-23 12:33:37,,NULL
354,137,13,420,0,,2020-07-23 12:33:37,,NULL
355,138,13,300,0,,2020-07-23 12:33:37,,NULL
356,139,13,300,0,,2020-07-23 12:33:37,,NULL
357,140,13,300,0,,2020-07-23 12:33:37,,NULL
358,141,13,300,0,,2020-07-23 12:33:37,,NULL
359,143,13,300,0,,2020-07-23 12:33:37,,NULL
360,144,13,300,0,,2020-07-23 12:33:37,,NULL
361,145,13,300,0,,2020-07-23 12:33:37,,NULL
362,175,13,300,0,,2020-07-23 12:33:37,,NULL
363,146,13,60,0,,2020-07-23 12:33:37,,NULL
364,147,13,60,0,,2020-07-23 12:33:37,,NULL
365,148,13,60,0,,2020-07-23 12:33:37,,NULL
366,149,13,60,0,,2020-07-23 12:33:37,,NULL
367,150,13,300,0,,2020-07-23 12:33:37,,NULL
368,151,13,300,0,,2020-07-23 12:33:37,,NULL
369,176,13,300,0,,2020-07-23 12:33:37,,NULL
370,152,13,300,0,,2020-07-23 12:33:37,,NULL
371,153,13,300,0,,2020-07-23 12:33:37,,NULL
372,154,13,300,0,,2020-07-23 12:33:37,,NULL
373,156,13,300,0,,2020-07-23 12:33:37,,NULL
374,157,13,300,0,,2020-07-23 12:33:37,,NULL
375,158,13,420,0,,2020-07-23 12:33:37,,NULL
376,159,13,300,0,,2020-07-23 12:33:37,,NULL
377,160,13,420,0,,2020-07-23 12:33:37,,NULL
378,161,13,60,0,,2020-07-23 12:33:37,,NULL
379,162,13,60,0,,2020-07-23 12:33:37,,NULL
380,164,13,420,0,,2020-07-23 12:33:37,,NULL
381,222,13,300,0,,2020-08-11 15:34:14,,NULL
382,223,13,300,0,,2020-08-11 15:36:35,,2020-08-12 16:06:11
383,224,13,300,0,,2020-08-11 15:39:40,,NULL
384,225,13,300,0,,2020-08-11 15:41:13,,NULL
385,226,13,500,0,,2020-08-11 15:59:33,,NULL
386,227,13,500,0,,2020-08-11 16:01:26,,NULL
387,211,13,50,0,,2020-08-12 14:50:32,,2020-08-12 14:50:32
388,218,13,50,0,,2020-08-12 14:50:32,,2020-08-12 14:50:32
389,219,13,50,0,,2020-08-12 14:50:32,,2020-08-12 14:50:32
390,210,13,50,0,,2020-08-12 14:50:32,,2020-08-12 14:50:32
391,209,13,50,0,,2020-08-12 14:50:32,,2020-08-12 14:50:32
392,217,13,50,0,,2020-08-12 14:50:32,,2020-08-12 14:50:32
393,213,13,50,0,,2020-08-12 14:50:32,,2020-08-12 14:50:32
394,214,13,50,0,,2020-08-12 14:50:32,,2020-08-12 14:50:32
395,215,13,50,0,,2020-08-12 14:50:32,,2020-08-12 14:50:32
396,212,13,50,0,,2020-08-12 14:50:32,,2020-08-12 14:50:32
397,216,13,50,0,,2020-08-12 14:50:32,,2020-08-12 14:50:32
398,177,13,140,0,,2020-08-12 14:50:32,,2020-08-12 14:50:32
399,167,13,500,0,,2020-08-12 14:50:32,,2020-08-12 14:50:32
400,165,13,400,0,,2020-08-12 14:50:32,,2020-08-12 14:50:32
401,166,13,500,0,,2020-08-12 14:50:32,,2020-08-12 14:50:32
402,178,13,125,0,,2020-08-12 14:50:32,,2020-08-12 14:50:32
403,179,13,125,0,,2020-08-12 14:50:32,,2020-08-12 14:50:32
404,180,13,125,0,,2020-08-12 14:50:32,,2020-08-12 14:50:32
405,168,13,500,0,,2020-08-12 14:50:32,,2020-08-12 14:50:32
407,220,13,300,0,,2020-08-13 08:28:50,,2020-08-13 08:28:50
408,228,13,300,0,,2020-08-14 17:41:40,,NULL
409,221,13,300,0,,2020-08-18 10:00:52,,NULL
410,229,13,300,0,,2020-08-19 14:28:42,,NULL
411,230,13,100,1,,2020-10-23 14:53:45,,2020-11-20 13:46:10
412,231,13,100,0,,2020-11-20 13:45:32,,NULL
413,172,13,1500,0,,2020-11-30 11:04:35,,NULL
414,232,13,100,0,,2021-04-27 12:52:31,,NULL
422,1,14,120,0,,2021-08-02 11:36:55,,NULL
423,2,14,300,0,,2021-08-02 11:36:55,,NULL
424,3,14,300,0,,2021-08-02 11:36:55,,NULL
425,4,14,540,0,,2021-08-02 11:36:55,,NULL
426,6,14,300,0,,2021-08-02 11:36:55,,NULL
427,7,14,300,0,,2021-08-02 11:36:55,,NULL
428,8,14,300,0,,2021-08-02 11:36:55,,NULL
429,10,14,420,0,,2021-08-02 11:36:55,,NULL
430,12,14,420,0,,2021-08-02 11:36:55,,NULL
431,13,14,300,0,,2021-08-02 11:36:55,,NULL
432,14,14,1300,0,,2021-08-02 11:36:55,,NULL
433,15,14,120,0,,2021-08-02 11:36:55,,NULL
434,16,14,120,0,,2021-08-02 11:36:55,,NULL
435,17,14,120,0,,2021-08-02 11:36:55,,NULL
436,18,14,120,0,,2021-08-02 11:36:55,,NULL
437,19,14,120,0,,2021-08-02 11:36:55,,NULL
438,20,14,120,0,,2021-08-02 11:36:55,,NULL
439,21,14,120,0,,2021-08-02 11:36:55,,NULL
440,22,14,120,0,,2021-08-02 11:36:55,,NULL
441,23,14,120,0,,2021-08-02 11:36:55,,NULL
442,24,14,300,0,,2021-08-02 11:36:55,,NULL
443,25,14,300,0,,2021-08-02 11:36:55,,NULL
444,26,14,300,0,,2021-08-02 11:36:55,,NULL
445,27,14,300,0,,2021-08-02 11:36:55,,NULL
446,28,14,180,0,,2021-08-02 11:36:55,,NULL
447,29,14,180,0,,2021-08-02 11:36:55,,NULL
448,30,14,180,0,,2021-08-02 11:36:55,,NULL
449,31,14,180,0,,2021-08-02 11:36:55,,NULL
450,32,14,180,0,,2021-08-02 11:36:55,,NULL
451,33,14,180,0,,2021-08-02 11:36:55,,NULL
452,34,14,180,0,,2021-08-02 11:36:55,,NULL
453,36,14,420,0,,2021-08-02 11:36:55,,NULL
454,37,14,420,0,,2021-08-02 11:36:55,,NULL
455,38,14,420,0,,2021-08-02 11:36:55,,NULL
456,40,14,300,0,,2021-08-02 11:36:55,,NULL
457,41,14,300,0,,2021-08-02 11:36:55,,NULL
458,42,14,300,0,,2021-08-02 11:36:55,,NULL
459,43,14,300,0,,2021-08-02 11:36:55,,NULL
460,44,14,300,0,,2021-08-02 11:36:55,,NULL
461,45,14,300,0,,2021-08-02 11:36:55,,NULL
462,46,14,300,0,,2021-08-02 11:36:55,,NULL
463,48,14,60,0,,2021-08-02 11:36:55,,NULL
464,49,14,60,0,,2021-08-02 11:36:55,,NULL
465,50,14,60,0,,2021-08-02 11:36:55,,NULL
466,51,14,60,0,,2021-08-02 11:36:55,,NULL
467,52,14,60,0,,2021-08-02 11:36:55,,NULL
468,54,14,60,0,,2021-08-02 11:36:55,,NULL
469,55,14,180,0,,2021-08-02 11:36:55,,NULL
470,56,14,180,0,,2021-08-02 11:36:55,,NULL
471,57,14,180,0,,2021-08-02 11:36:55,,NULL
472,58,14,180,0,,2021-08-02 11:36:55,,NULL
473,59,14,180,0,,2021-08-02 11:36:55,,NULL
474,60,14,180,0,,2021-08-02 11:36:55,,NULL
475,62,14,420,0,,2021-08-02 11:36:55,,NULL
476,63,14,420,0,,2021-08-02 11:36:55,,NULL
477,64,14,420,0,,2021-08-02 11:36:55,,NULL
478,67,14,60,0,,2021-08-02 11:36:55,,NULL
479,69,14,120,0,,2021-08-02 11:36:55,,NULL
480,70,14,120,0,,2021-08-02 11:36:55,,NULL
481,72,14,600,0,,2021-08-02 11:36:55,,NULL
482,73,14,600,0,,2021-08-02 11:36:55,,NULL
483,74,14,600,0,,2021-08-02 11:36:55,,NULL
484,75,14,600,0,,2021-08-02 11:36:55,,NULL
485,76,14,600,0,,2021-08-02 11:36:55,,NULL
486,77,14,600,0,,2021-08-02 11:36:55,,NULL
487,78,14,600,0,,2021-08-02 11:36:55,,NULL
488,79,14,600,0,,2021-08-02 11:36:55,,NULL
489,80,14,600,0,,2021-08-02 11:36:55,,NULL
490,81,14,600,0,,2021-08-02 11:36:55,,NULL
491,82,14,600,0,,2021-08-02 11:36:55,,NULL
492,83,14,600,0,,2021-08-02 11:36:55,,NULL
493,84,14,800,0,,2021-08-02 11:36:55,,NULL
494,85,14,800,0,,2021-08-02 11:36:55,,NULL
495,86,14,800,0,,2021-08-02 11:36:55,,NULL
496,87,14,800,0,,2021-08-02 11:36:55,,NULL
497,88,14,800,0,,2021-08-02 11:36:55,,NULL
498,89,14,800,0,,2021-08-02 11:36:55,,NULL
499,90,14,800,0,,2021-08-02 11:36:55,,NULL
500,91,14,800,0,,2021-08-02 11:36:55,,NULL
501,92,14,800,0,,2021-08-02 11:36:55,,NULL
502,93,14,800,0,,2021-08-02 11:36:55,,NULL
503,94,14,800,0,,2021-08-02 11:36:55,,NULL
504,95,14,800,0,,2021-08-02 11:36:55,,NULL
505,96,14,800,0,,2021-08-02 11:36:55,,NULL
506,97,14,1050,0,,2021-08-02 11:36:55,,NULL
507,98,14,1050,0,,2021-08-02 11:36:55,,NULL
508,99,14,1050,0,,2021-08-02 11:36:55,,NULL
509,100,14,1050,0,,2021-08-02 11:36:55,,NULL
510,101,14,1050,0,,2021-08-02 11:36:55,,NULL
511,102,14,1050,0,,2021-08-02 11:36:55,,NULL
512,103,14,1050,0,,2021-08-02 11:36:55,,NULL
513,104,14,1050,0,,2021-08-02 11:36:55,,NULL
514,105,14,1050,0,,2021-08-02 11:36:55,,NULL
515,106,14,600,0,,2021-08-02 11:36:55,,NULL
516,107,14,600,0,,2021-08-02 11:36:55,,NULL
517,108,14,1500,0,,2021-08-02 11:36:55,,NULL
518,109,14,1500,0,,2021-08-02 11:36:55,,NULL
519,110,14,1500,0,,2021-08-02 11:36:55,,NULL
520,111,14,1500,0,,2021-08-02 11:36:55,,NULL
521,112,14,1500,0,,2021-08-02 11:36:55,,NULL
522,113,14,1500,0,,2021-08-02 11:36:55,,NULL
523,114,14,1500,0,,2021-08-02 11:36:55,,NULL
524,115,14,1500,0,,2021-08-02 11:36:55,,NULL
525,116,14,1500,0,,2021-08-02 11:36:55,,NULL
526,117,14,1500,0,,2021-08-02 11:36:55,,NULL
527,118,14,1500,0,,2021-08-02 11:36:55,,NULL
528,119,14,1500,0,,2021-08-02 11:36:55,,NULL
529,120,14,1500,0,,2021-08-02 11:36:55,,NULL
530,121,14,1500,0,,2021-08-02 11:36:55,,NULL
531,122,14,1500,0,,2021-08-02 11:36:55,,NULL
532,123,14,1500,0,,2021-08-02 11:36:55,,NULL
533,125,14,1500,0,,2021-08-02 11:36:55,,NULL
534,126,14,1500,0,,2021-08-02 11:36:55,,NULL
535,127,14,1500,0,,2021-08-02 11:36:55,,NULL
536,128,14,1500,0,,2021-08-02 11:36:55,,NULL
537,129,14,1500,0,,2021-08-02 11:36:55,,NULL
538,131,14,1500,0,,2021-08-02 11:36:55,,NULL
539,132,14,1500,0,,2021-08-02 11:36:55,,NULL
540,133,14,1500,0,,2021-08-02 11:36:55,,NULL
541,134,14,180,0,,2021-08-02 11:36:55,,NULL
542,135,14,420,0,,2021-08-02 11:36:55,,NULL
543,136,14,180,0,,2021-08-02 11:36:55,,NULL
544,138,14,300,0,,2021-08-02 11:36:55,,NULL
545,139,14,300,0,,2021-08-02 11:36:55,,NULL
546,140,14,300,0,,2021-08-02 11:36:55,,NULL
547,141,14,300,0,,2021-08-02 11:36:55,,NULL
548,143,14,300,0,,2021-08-02 11:36:55,,NULL
549,144,14,300,0,,2021-08-02 11:36:55,,NULL
550,145,14,300,0,,2021-08-02 11:36:55,,NULL
551,146,14,60,0,,2021-08-02 11:36:55,,NULL
552,147,14,60,0,,2021-08-02 11:36:55,,NULL
553,148,14,60,0,,2021-08-02 11:36:55,,NULL
554,149,14,60,0,,2021-08-02 11:36:55,,NULL
555,150,14,300,0,,2021-08-02 11:36:55,,NULL
556,151,14,300,0,,2021-08-02 11:36:55,,NULL
557,152,14,300,0,,2021-08-02 11:36:55,,NULL
558,153,14,300,0,,2021-08-02 11:36:55,,NULL
559,154,14,300,0,,2021-08-02 11:36:55,,NULL
560,156,14,300,0,,2021-08-02 11:36:55,,NULL
561,157,14,300,0,,2021-08-02 11:36:55,,NULL
562,158,14,420,0,,2021-08-02 11:36:55,,NULL
563,159,14,300,0,,2021-08-02 11:36:55,,NULL
564,160,14,420,0,,2021-08-02 11:36:55,,NULL
565,161,14,60,0,,2021-08-02 11:36:55,,NULL
566,162,14,60,0,,2021-08-02 11:36:55,,NULL
567,164,14,420,0,,2021-08-02 11:36:55,,NULL
568,165,14,400,0,,2021-08-02 11:36:55,,NULL
569,166,14,500,0,,2021-08-02 11:36:55,,NULL
570,167,14,500,0,,2021-08-02 11:36:55,,NULL
571,168,14,500,0,,2021-08-02 11:36:55,,NULL
572,172,14,1500,0,,2021-08-02 11:36:55,,NULL
573,173,14,300,0,,2021-08-02 11:36:55,,NULL
574,174,14,1050,0,,2021-08-02 11:36:55,,NULL
575,175,14,300,0,,2021-08-02 11:36:55,,NULL
576,176,14,300,0,,2021-08-02 11:36:55,,NULL
577,177,14,140,0,,2021-08-02 11:36:55,,NULL
578,178,14,125,0,,2021-08-02 11:36:55,,NULL
579,179,14,125,0,,2021-08-02 11:36:55,,NULL
580,180,14,125,0,,2021-08-02 11:36:55,,NULL
581,207,14,300,0,,2021-08-02 11:36:55,,NULL
582,208,14,120,0,,2021-08-02 11:36:55,,NULL
583,209,14,50,0,,2021-08-02 11:36:55,,NULL
584,210,14,50,0,,2021-08-02 11:36:55,,NULL
585,211,14,50,0,,2021-08-02 11:36:55,,NULL
586,212,14,50,0,,2021-08-02 11:36:55,,NULL
587,213,14,50,0,,2021-08-02 11:36:55,,NULL
588,214,14,50,0,,2021-08-02 11:36:55,,NULL
589,215,14,50,0,,2021-08-02 11:36:55,,NULL
590,216,14,50,0,,2021-08-02 11:36:55,,NULL
591,217,14,50,0,,2021-08-02 11:36:55,,NULL
592,218,14,50,0,,2021-08-02 11:36:55,,NULL
593,219,14,50,0,,2021-08-02 11:36:55,,NULL
594,220,14,300,0,,2021-08-02 11:36:55,,NULL
595,221,14,300,0,,2021-08-02 11:36:55,,NULL
596,222,14,300,0,,2021-08-02 11:36:55,,NULL
597,223,14,300,0,,2021-08-02 11:36:55,,NULL
598,224,14,300,0,,2021-08-02 11:36:55,,NULL
599,225,14,300,0,,2021-08-02 11:36:55,,NULL
600,226,14,500,0,,2021-08-02 11:36:55,,NULL
601,227,14,500,0,,2021-08-02 11:36:55,,NULL
602,228,14,300,0,,2021-08-02 11:36:55,,NULL
603,229,14,300,0,,2021-08-02 11:36:55,,NULL
604,230,14,100,1,,2021-08-02 11:36:55,,2021-08-18 12:26:59
605,231,14,100,0,,2021-08-02 11:36:55,,NULL
606,232,14,100,0,,2021-08-02 11:36:55,,NULL
607,233,14,540,0,,2021-08-06 09:44:44,,NULL
608,234,14,300,0,,2021-08-06 09:45:43,,NULL
609,235,14,300,0,,2021-08-06 09:47:32,,NULL
610,236,14,300,0,,2021-08-06 09:48:13,,NULL
611,237,14,500,0,,2021-08-06 09:51:15,,NULL
612,238,14,800,0,,2021-10-07 14:09:46,,NULL
